Phase,Task,Status,Priority,Estimated Hours,Started,Completed,Notes
Phase 1,Fix TypeScript build errors,pending,high,1.5,,,"Missing logger utilities, tool orchestrator incomplete"
Phase 1,Complete personality manager implementations,pending,high,1,,,"Fix marketplace manager, personality synthesis"
Phase 1,Add PubMed API integration,pending,high,0.5,,,"Medical/biological papers API"
Phase 1,Add Semantic Scholar integration,pending,medium,0.5,,,"Cross-disciplinary academic search"
Phase 1,Add arXiv API integration,pending,medium,0.5,,,"Preprint papers (physics, CS, math)"
Phase 1,Update .env.example with academic APIs,pending,low,0.25,,,"Add new API key configurations"
Phase 1,Complete Efficiency Innovations research,pending,high,1,,,"4/4 primary domain analysis"
Phase 1,Generate strategic positioning report,pending,high,0.75,,,"Final Kingly/FlowMind positioning"
Phase 2,Claude Code MCP adapter mode,pending,high,2,,,"You as intelligent orchestrator"
Phase 2,MCP arsenal integration,pending,high,1,,,"Perplexity, Brave, Exa, Firecrawl, Desktop Commander"
Phase 2,Academic API orchestration,pending,medium,1,,,"Intelligent routing of academic queries"
Phase 2,Quality validation and scoring,pending,medium,0.5,,,"Research validation metrics"
Phase 2,Standalone CLI mode,pending,high,2,,,"Self-contained executable"
Phase 2,Built-in API clients,pending,medium,1,,,"No MCP dependencies"
Phase 2,Bash integration,pending,low,0.5,,,"Pipeline-friendly operation"
Phase 2,@kingly/scraper discovery,pending,medium,0.5,,,"Discover ~/cb capabilities"
Phase 2,@kingly/scraper integration,pending,medium,1,,,"Deep content extraction workflows"
Phase 3,NPM package structure,pending,medium,1,,,"Dual-mode binaries"
Phase 3,CEO orchestration interfaces,pending,high,1,,,"Clean APIs for Kingly CEO"
Phase 3,Hexagonal architecture implementation,pending,medium,0.5,,,"Ports/adapters for LLM-first control"
Phase 3,Documentation,pending,low,0.5,,,"Usage examples, integration guide"
Phase 3,Integration testing,pending,medium,0.5,,,"Both modes tested"
Phase 3,Performance validation,pending,low,0.5,,,"Scale and quality metrics"
TODO,Meta prompt interface definition,pending,medium,TBD,,,"How to use me interface format"
TODO,CEO parameterization system,pending,high,TBD,,,"Multi-package orchestration"
TODO,Embedding-based plugin discovery,pending,medium,TBD,,,"Roll up installed packages"
TODO,Bi-directional interface protocols,pending,medium,TBD,,,"LLM â†” Package communication"