Phase,Task,Description,Status,Priority,Owner,Blockers,Estimated Hours,Completed Date,Notes
1.1,Create Tracking System,Set up tracker.csv and roadmap.md,Completed,High,Dev Team,,2,2025-06-16,Initial files created
1.2,Analyze Package Structure,Document current @kingly packages,Completed,High,Dev Team,,2,2025-06-16,Structure documented
1.3,Plan Plugins Structure,Design simplified single-folder layout,Completed,High,Dev Team,,1,2025-06-16,Approved by user
2.1,Create Plugins Directory,Create /plugins/@lev/ structure,Completed,High,Dev Team,,1,2025-06-16,Directory created
2.2,Move Testing Package,Move @kingly/testing to plugins,Completed,High,Dev Team,2.1,2,2025-06-16,Moved to /plugins/@lev/testing
2.3,Move Validation Package,Move @kingly/universal-validation to plugins,Completed,High,Dev Team,2.1,2,2025-06-16,Moved to /plugins/@lev/validation
2.4,Move Protocol Package,Move @kingly/protocol to plugins,Completed,High,Dev Team,2.1,1,2025-06-16,Moved to /plugins/@lev/protocol
2.5,Move Debug Package,Move debug to plugins,Completed,High,Dev Team,2.1,1,2025-06-16,Moved to /plugins/@lev/debug
2.6,Move Cmd Package,Move cmd to plugins,Completed,High,Dev Team,2.1,1,2025-06-16,Moved to /plugins/@lev/cmd
2.7,Update Root Workspace,Update package.json workspaces config,Completed,High,Dev Team,2.2-2.6,1,2025-06-16,Added plugins/@lev/* to workspaces
3.1,Rebrand Agent Core,Update agent/package.json to @lev/agent,Completed,High,Dev Team,2.7,2,2025-06-16,Updated name and binaries
3.2,Rebrand Plugin Packages,Update all plugin package.json files,Completed,High,Dev Team,2.7,4,2025-06-16,Updated 5/7 plugins - missing ai-core and memory
3.3,Update Dependencies,Update all internal dependency references,Completed,High,Dev Team,3.2,3,2025-06-16,Fixed .leviathan paths and .env CONTEXTS_PATH
3.4,Add Sponsorship Attribution,Add Kingly Agency attribution to all packages,Not Started,High,Dev Team,3.2,2,,
3.5,Search Import Statements,Find all @kingly/ imports across codebase,Completed,High,Dev Team,3.2,2,2025-06-16,Found 80+ references in agent+plugins
3.6,Update Agent Imports,Update agent/ source files for @lev imports,Completed,High,Dev Team,3.5,3,2025-06-16,Batch updated all plugin imports
3.7,Update Apps Imports,Update apps/ imports (@kingly → @lev),Skipped,High,Dev Team,3.5,2,2025-06-16,Apps excluded per .migrationignore
3.8,Update OS Kernel Imports,Update os/kernel/ imports,Pending,Medium,Dev Team,3.5,1,,For delegation
3.9,Update Config Files,Update tsconfig.json paths and build configs,Pending,High,Dev Team,3.6-3.8,2,,For delegation  
3.10,Update Binary Names,Update kingly-* binary names to lev-*,Completed,High,Dev Team,3.1,1,2025-06-16,Renamed bin/kingly → bin/lev + package.json
3.11,Update CLI Commands,Update all command references and help text,Completed,Medium,Dev Team,3.10,2,2025-06-16,Updated CLAUDE.md and binary paths
3.12,Update CLAUDE.md Files,Update project instructions with Leviathan,Completed,Medium,Dev Team,3.2,1,2025-06-16,Agent CLAUDE.md fully updated
4.1,Search Documentation,Find all kingly references in docs/,Not Started,Medium,Dev Team,3.4,2,,
4.2,Update README Files,Update all README.md with Leviathan branding,Not Started,Medium,Dev Team,4.1,3,,
4.3,Update Architecture Docs,Update docs/architecture/ references,Not Started,Medium,Dev Team,4.1,2,,
4.4,Update Keywords,Update package.json keywords arrays,Not Started,Low,Dev Team,3.2,1,,
4.5,Test Build System,Verify builds work with new structure,Not Started,High,Dev Team,3.9,2,,
4.6,Test Agent Functionality,End-to-end agent testing,Not Started,High,Dev Team,4.5,3,,
4.7,Test MCP Integration,Test MCP server functionality,Not Started,High,Dev Team,4.6,2,,
5.1,Validate All Imports,Ensure no broken @kingly references remain,Not Started,Critical,Dev Team,4.7,3,,
5.2,Final Documentation Pass,Complete documentation review,Not Started,High,Dev Team,4.2-4.4,2,,
5.3,NPM Scope Verification,Verify @lev scope availability,Not Started,High,Dev Team,5.1,1,,
5.4,Publishing Preparation,Prepare packages for NPM publishing,Not Started,Medium,Dev Team,5.3,2,,
5.5,Migration Validation,Final end-to-end system validation,Not Started,Critical,Dev Team,5.1-5.4,4,,