Repository,Tier,Status,Confidence,Integration,Analysis_Date,URL,Type,Category,Priority
AutoGPT,1,intake_complete,90%,IMPLEMENT_NOW,2025-06-19,https://github.com/Significant-Gravitas/AutoGPT,external_repo,agent_system,high
skyvern,1,intake_complete,90%,IMPLEMENT_NOW,2025-06-19,https://github.com/Skyvern-AI/skyvern,external_repo,agent_system,high
llama3,2,intake_complete,85%,IMPLEMENT_NOW,2025-06-19,https://github.com/meta-llama/llama3,external_repo,foundation_model,high
v-jepa,2,intake_complete,85%,IMPLEMENT_NOW,2025-06-19,https://github.com/facebookresearch/jepa,external_repo,foundation_model,high
dino,2,intake_complete,85%,IMPLEMENT_NOW,2025-06-19,https://github.com/facebookresearch/dino,external_repo,vision_model,high
dinov2,2,intake_complete,85%,IMPLEMENT_NOW,2025-06-19,https://github.com/facebookresearch/dinov2,external_repo,vision_model,high
gemma,2,intake_complete,85%,IMPLEMENT_NOW,2025-06-19,https://github.com/google-deepmind/gemma,external_repo,foundation_model,high
SimMIM,2,intake_complete,85%,IMPLEMENT_NOW,2025-06-19,https://github.com/microsoft/SimMIM,external_repo,vision_model,high
SEAL,3,intake_complete,75%,RESEARCH_LATER,2025-06-19,https://github.com/xvirusx556/SEAL,external_repo,research,medium
SimCLR,3,intake_complete,75%,RESEARCH_LATER,2025-06-19,https://github.com/sthalles/SimCLR,external_repo,self_supervised,medium
byol-pytorch,3,intake_complete,75%,RESEARCH_LATER,2025-06-19,https://github.com/lucidrains/byol-pytorch,external_repo,self_supervised,medium
avalanche,4,intake_complete,70%,RESEARCH_LATER,2025-06-19,https://github.com/ContinualAI/avalanche,external_repo,continual_learning,medium
continual-learning-baselines,4,intake_complete,70%,RESEARCH_LATER,2025-06-19,https://github.com/GMvandeVen/continual-learning,external_repo,continual_learning,medium
avalanche-rl,4,intake_complete,70%,RESEARCH_LATER,2025-06-19,https://github.com/ContinualAI/avalanche-rl,external_repo,continual_learning,medium
ContinualEvaluation,4,intake_complete,70%,RESEARCH_LATER,2025-06-19,https://github.com/continual-ai/continual-evaluation,external_repo,evaluation,medium
infinite-agentic-loop,5,intake_complete,65%,EXTRACT_PATTERNS,2025-06-19,https://github.com/your-repo/infinite-agentic-loop,existing_project,agent_system,low
deep-dive-ai-mlx,6,intake_complete,60%,REFERENCE_ONLY,2025-06-19,https://github.com/neoneye/deep-dive-ai-mlx,external_repo,exploration,low
awesome-ChatGPT-repositories,6,intake_complete,60%,REFERENCE_ONLY,2025-06-19,https://github.com/taishi-i/awesome-ChatGPT-repositories,external_repo,reference,low