Repository,Decision,Tier,Priority,Status,Confidence,Integration_Plan,Analysis_Date,URL,Type,Category,Next_Action
AutoGPT,IMPLEMENT,1,high,decision_complete,90%,Phase_1_Technical_Analysis,2025-06-19,https://github.com/Significant-Gravitas/AutoGPT,external_repo,agent_system,Execute_ADR-001
skyvern,IMPLEMENT,1,high,decision_complete,90%,Phase_1_Technical_Analysis,2025-06-19,https://github.com/Skyvern-AI/skyvern,external_repo,automation,Execute_ADR-002
llama3,IMPLEMENT,1,high,decision_complete,90%,Phase_1_Technical_Analysis,2025-06-19,https://github.com/meta-llama/llama3,external_repo,foundation_model,Execute_ADR-003
dino,IMPLEMENT,1,high,decision_complete,90%,Phase_1_Technical_Analysis,2025-06-19,https://github.com/facebookresearch/dino,external_repo,vision_model,Execute_ADR-004
dinov2,IMPLEMENT,1,high,decision_complete,90%,Phase_1_Technical_Analysis,2025-06-19,https://github.com/facebookresearch/dinov2,external_repo,vision_model,Execute_ADR-005
gemma,IMPLEMENT,1,high,decision_complete,90%,Phase_1_Technical_Analysis,2025-06-19,https://github.com/google-deepmind/gemma,external_repo,foundation_model,Execute_ADR-006
infinite-agentic-loop,IMPLEMENT,1,high,decision_complete,90%,Phase_1_Technical_Analysis,2025-06-19,https://github.com/your-repo/infinite-agentic-loop,external_repo,agent_system,Execute_ADR-007
v-jepa,RESEARCH,2,medium,decision_complete,70%,Deep_Dive_Research_Required,2025-06-19,https://github.com/facebookresearch/jepa,external_repo,vision_model,Start_external-tools-research
SimMIM,RESEARCH,3,medium,decision_complete,70%,Deep_Dive_Research_Required,2025-06-19,https://github.com/microsoft/SimMIM,external_repo,vision_model,Start_external-tools-research
SEAL,RESEARCH,4,low,decision_complete,70%,Deep_Dive_Research_Required,2025-06-19,https://github.com/xvirusx556/SEAL,external_repo,research,Start_external-tools-research
SimCLR,RESEARCH,3,medium,decision_complete,70%,Deep_Dive_Research_Required,2025-06-19,https://github.com/sthalles/SimCLR,external_repo,self_supervised,Start_external-tools-research
byol-pytorch,RESEARCH,3,medium,decision_complete,70%,Deep_Dive_Research_Required,2025-06-19,https://github.com/lucidrains/byol-pytorch,external_repo,self_supervised,Start_external-tools-research
avalanche,RESEARCH,2,medium,decision_complete,70%,Deep_Dive_Research_Required,2025-06-19,https://github.com/ContinualAI/avalanche,external_repo,continual_learning,Start_external-tools-research
avalanche-rl,RESEARCH,3,medium,decision_complete,70%,Deep_Dive_Research_Required,2025-06-19,https://github.com/ContinualAI/avalanche-rl,external_repo,continual_learning,Start_external-tools-research
continual-learning-baselines,RESEARCH,3,medium,decision_complete,70%,Deep_Dive_Research_Required,2025-06-19,https://github.com/GMvandeVen/continual-learning,external_repo,continual_learning,Start_external-tools-research
ContinualEvaluation,RESEARCH,3,medium,decision_complete,70%,Deep_Dive_Research_Required,2025-06-19,https://github.com/continual-ai/continual-evaluation,external_repo,evaluation,Start_external-tools-research
deep-dive-ai-mlx,RESEARCH,4,low,decision_complete,70%,Deep_Dive_Research_Required,2025-06-19,https://github.com/neoneye/deep-dive-ai-mlx,external_repo,exploration,Start_external-tools-research
awesome-ChatGPT-repositories,RESEARCH,4,low,decision_complete,70%,Deep_Dive_Research_Required,2025-06-19,https://github.com/taishi-i/awesome-ChatGPT-repositories,external_repo,reference,Start_external-tools-research